{
  "publicPath": "/dist/",
  "all": [
    "0.fcf17752d95621350bcd.js",
    "0.fcf17752d95621350bcd.js.map",
    "2.218673699cf8e6ffd9a0.js",
    "2.218673699cf8e6ffd9a0.js.map",
    "app.c5e47a7e4dbccbc17bbc.js",
    "app.c5e47a7e4dbccbc17bbc.js.map"
  ],
  "initial": [
    "app.c5e47a7e4dbccbc17bbc.js"
  ],
  "async": [
    "0.fcf17752d95621350bcd.js",
    "2.218673699cf8e6ffd9a0.js"
  ],
  "modules": {
    "1c8c663d": [
      4,
      5
    ],
    "dfadd60e": [
      4,
      5
    ],
    "d1af737a": [
      4,
      5
    ],
    "94faeaca": [
      4,
      5
    ],
    "706c7e10": [
      4,
      5
    ],
    "9cf2ce08": [
      4,
      5
    ],
    "3ba8b318": [
      4,
      5
    ],
    "0254b596": [
      4,
      5
    ],
    "8846abfe": [
      4,
      5
    ],
    "571197b7": [
      2,
      3
    ],
    "300696fc": [
      0,
      1
    ]
  }
}